all_times,avg_memory_mb,category,cv_percent,failed_runs,max_time,mean_time,min_time,python_version,std_time,success,successful_runs,test_name,total_runs
[1.0402567000001],0.0,vector,0.0,0,1.0402567000001,1.0402567000001,1.0402567000001,3.13.7,0,True,1,V1_CreateFishnet,1
[0.4366266999995787],0.0,vector,0.0,0,0.4366266999995787,0.4366266999995787,0.4366266999995787,3.13.7,0,True,1,V2_CreateRandomPoints,1
[1.0881587000003492],0.0,vector,0.0,0,1.0881587000003492,1.0881587000003492,1.0881587000003492,3.13.7,0,True,1,V3_Buffer,1
[7.462634200000139],0.0,vector,0.0,0,7.462634200000139,7.462634200000139,7.462634200000139,3.13.7,0,True,1,V4_Intersect,1
[6.029011499999797],0.0,vector,0.0,0,6.029011499999797,6.029011499999797,6.029011499999797,3.13.7,0,True,1,V5_SpatialJoin,1
[6.745519199999762],0.0,vector,0.0,0,6.745519199999762,6.745519199999762,6.745519199999762,3.13.7,0,True,1,V6_CalculateField,1
